term,slope,current_norm,r2
numerical experiments,34.049283086315675,442.4632958664372,0.8742322715447702
results demonstrate,19.65510955339172,171.5300406399883,0.8460796441179852
paper introduces,15.997277575068605,105.99348295683373,0.8623582507114541
paper investigates,15.270079656503851,128.14410720169883,0.6904063884528804
computational efficiency,12.829685620082225,96.4742064218504,0.8144627377203796
