term,slope,current_norm,r2
results demonstrate,140.41812253179518,1087.539745627981,0.8734691157510139
large language,102.87793014993478,474.46343402225756,0.8528108366034691
language models,98.51346323122597,487.87758346581876,0.8566069320837859
integrated sensing,75.1388907505464,360.19475357710655,0.9872341721254195
diffusion models,75.04208674929342,303.060413354531,0.8644238446822248
