term,slope,current_norm,r2
large language,213.28104024276547,917.7550300035298,0.8771317032904984
language models,196.28066570652626,854.2181433109778,0.8802108150715335
models llms,105.07518207529867,480.0564772326156,0.8630174298266324
artificial intelligence,79.66789518499138,564.7723261560184,0.919685716944569
reinforcement learning,60.59314747073743,765.9724673490999,0.6789275420129217
