term,slope,current_norm,r2
large language,531.25914659088,2340.3502683076595,0.8851518233820683
language models,526.7537784787305,2476.5063939984516,0.920064324914224
models llms,268.35259783420156,1217.929892943909,0.8688929176747828
diffusion models,111.99232503829866,441.70649010865793,0.8626655192233634
extensive experiments,104.34728261068291,877.2058627225886,0.9963503530783803
