term,slope,current_norm,r2
language models,217.6285382811998,938.7510008006406,0.916873079704365
large language,161.56238828734422,688.550840672538,0.8661265689811735
foundation models,88.1946333893769,480.3843074459568,0.7258469231172644
drug discovery,82.76001584545429,544.435548438751,0.8100882412269301
language model,64.6942109501904,246.19695756605284,0.81379000998845
