term,slope,current_norm,r2
large language,113.37438590570451,521.0420841683366,0.8840864730167541
language models,102.76002071881013,467.6018704074816,0.8839724592265474
artificial intelligence,90.31498715010778,501.00200400801606,0.9855424748019529
models llms,57.455388658529124,277.2211088844355,0.8292709727810282
findings reveal,40.57873312170237,230.46092184368737,0.7196170137570457
