term,slope,current_norm,r2
machine learning,47.28553585695218,572.0649692906527,0.989755676873188
quantum computing,36.976645932294,276.9905942286275,0.9666194073876645
results demonstrate,32.437282944354216,257.14254209441054,0.7144482549482953
black hole,23.568381182165126,907.9381181841238,0.8710829060356321
black holes,22.608211048724623,597.4263692399298,0.9251759428996971
